journal_id	publisher	issn	eissn	jif	category	edition	quartile	source_level	source_name	source_url	retrieved_on	source_artifact_sha256
nature	NATURE PORTFOLIO	0028-0836	1476-4687	56.1	MULTIDISCIPLINARY SCIENCES	SCIE	Q1	secondary_institutional_jcr_repost	忻州师范学院科研部公开转载：2026年度JCR期刊名单-前600名.xlsx	https://keyan.xztu.edu.cn/info/1024/3283.htm	2026-08-03	70a1e9a33182cd524eb50c28be7862e11ad28b76a5aefa64d05cd4769eef2d81
nature-medicine	NATURE PORTFOLIO	1078-8956	1546-170X	52.5	BIOCHEMISTRY & MOLECULAR BIOLOGY	SCIE	Q1	secondary_institutional_jcr_repost	忻州师范学院科研部公开转载：2026年度JCR期刊名单-前600名.xlsx	https://keyan.xztu.edu.cn/info/1024/3283.htm	2026-08-03	70a1e9a33182cd524eb50c28be7862e11ad28b76a5aefa64d05cd4769eef2d81
nature-medicine	NATURE PORTFOLIO	1078-8956	1546-170X	52.5	CELL BIOLOGY	SCIE	Q1	secondary_institutional_jcr_repost	忻州师范学院科研部公开转载：2026年度JCR期刊名单-前600名.xlsx	https://keyan.xztu.edu.cn/info/1024/3283.htm	2026-08-03	70a1e9a33182cd524eb50c28be7862e11ad28b76a5aefa64d05cd4769eef2d81
nature-medicine	NATURE PORTFOLIO	1078-8956	1546-170X	52.5	MEDICINE, RESEARCH & EXPERIMENTAL	SCIE	Q1	secondary_institutional_jcr_repost	忻州师范学院科研部公开转载：2026年度JCR期刊名单-前600名.xlsx	https://keyan.xztu.edu.cn/info/1024/3283.htm	2026-08-03	70a1e9a33182cd524eb50c28be7862e11ad28b76a5aefa64d05cd4769eef2d81
nature-biotechnology	NATURE PORTFOLIO	1087-0156	1546-1696	44.5	BIOTECHNOLOGY & APPLIED MICROBIOLOGY	SCIE	Q1	secondary_institutional_jcr_repost	忻州师范学院科研部公开转载：2026年度JCR期刊名单-前600名.xlsx	https://keyan.xztu.edu.cn/info/1024/3283.htm	2026-08-03	70a1e9a33182cd524eb50c28be7862e11ad28b76a5aefa64d05cd4769eef2d81
nature-genetics	NATURE PORTFOLIO	1061-4036	1546-1718	25.5	GENETICS & HEREDITY	SCIE	Q1	secondary_institutional_jcr_repost	忻州师范学院科研部公开转载：2026年度JCR期刊名单-前600名.xlsx	https://keyan.xztu.edu.cn/info/1024/3283.htm	2026-08-03	70a1e9a33182cd524eb50c28be7862e11ad28b76a5aefa64d05cd4769eef2d81
nature-methods	NATURE PORTFOLIO	1548-7091	1548-7105	28.3	BIOCHEMICAL RESEARCH METHODS	SCIE	Q1	secondary_institutional_jcr_repost	忻州师范学院科研部公开转载：2026年度JCR期刊名单-前600名.xlsx	https://keyan.xztu.edu.cn/info/1024/3283.htm	2026-08-03	70a1e9a33182cd524eb50c28be7862e11ad28b76a5aefa64d05cd4769eef2d81
nature-neuroscience	NATURE PORTFOLIO	1097-6256	1546-1726	20.3	NEUROSCIENCES	SCIE	Q1	secondary_institutional_jcr_repost	忻州师范学院科研部公开转载：2026年度JCR期刊名单-前600名.xlsx	https://keyan.xztu.edu.cn/info/1024/3283.htm	2026-08-03	70a1e9a33182cd524eb50c28be7862e11ad28b76a5aefa64d05cd4769eef2d81
nature-immunology	NATURE PORTFOLIO	1529-2908	1529-2916	26.5	IMMUNOLOGY	SCIE	Q1	secondary_institutional_jcr_repost	忻州师范学院科研部公开转载：2026年度JCR期刊名单-前600名.xlsx	https://keyan.xztu.edu.cn/info/1024/3283.htm	2026-08-03	70a1e9a33182cd524eb50c28be7862e11ad28b76a5aefa64d05cd4769eef2d81
nature-cancer	NATURE PORTFOLIO	N/A	2662-1347	28.0	ONCOLOGY	SCIE	Q1	secondary_institutional_jcr_repost	忻州师范学院科研部公开转载：2026年度JCR期刊名单-前600名.xlsx	https://keyan.xztu.edu.cn/info/1024/3283.htm	2026-08-03	70a1e9a33182cd524eb50c28be7862e11ad28b76a5aefa64d05cd4769eef2d81
nature-cell-biology	NATURE PORTFOLIO	1465-7392	1476-4679	22.7	CELL BIOLOGY	SCIE	Q1	secondary_institutional_jcr_repost	忻州师范学院科研部公开转载：2026年度JCR期刊名单-前600名.xlsx	https://keyan.xztu.edu.cn/info/1024/3283.htm	2026-08-03	70a1e9a33182cd524eb50c28be7862e11ad28b76a5aefa64d05cd4769eef2d81
nature-microbiology	NATURE PORTFOLIO	2058-5276	2058-5276	18.7	MICROBIOLOGY	SCIE	Q1	secondary_institutional_jcr_repost	忻州师范学院科研部公开转载：2026年度JCR期刊名单-前600名.xlsx	https://keyan.xztu.edu.cn/info/1024/3283.htm	2026-08-03	70a1e9a33182cd524eb50c28be7862e11ad28b76a5aefa64d05cd4769eef2d81
nature-metabolism	NATURE PORTFOLIO	N/A	2522-5812	27.5	ENDOCRINOLOGY & METABOLISM	SCIE	Q1	secondary_institutional_jcr_repost	忻州师范学院科研部公开转载：2026年度JCR期刊名单-前600名.xlsx	https://keyan.xztu.edu.cn/info/1024/3283.htm	2026-08-03	70a1e9a33182cd524eb50c28be7862e11ad28b76a5aefa64d05cd4769eef2d81
nature-biomedical-engineering	NATURE PORTFOLIO	2157-846X	2157-846X	26.3	ENGINEERING, BIOMEDICAL	SCIE	Q1	secondary_institutional_jcr_repost	忻州师范学院科研部公开转载：2026年度JCR期刊名单-前600名.xlsx	https://keyan.xztu.edu.cn/info/1024/3283.htm	2026-08-03	70a1e9a33182cd524eb50c28be7862e11ad28b76a5aefa64d05cd4769eef2d81
nature-communications	NATURE PORTFOLIO	N/A	2041-1723	18.1	MULTIDISCIPLINARY SCIENCES	SCIE	Q1	secondary_institutional_jcr_repost	忻州师范学院科研部公开转载：2026年度JCR期刊名单-前600名.xlsx	https://keyan.xztu.edu.cn/info/1024/3283.htm	2026-08-03	70a1e9a33182cd524eb50c28be7862e11ad28b76a5aefa64d05cd4769eef2d81
communications-biology	NATURE PORTFOLIO		2399-3642	5.8	BIOLOGY	SCIE	Q1	secondary_specialist_jcr_index	Journal Metrics (LabCat AI), 2026 release	https://www.journalmetrics.org/journal/communications-biology	2026-08-03	N/A
nature-structural-molecular-biology	NATURE PORTFOLIO	1545-9993	1545-9985	10.1	BIOCHEMISTRY & MOLECULAR BIOLOGY	SCIE	Q1	secondary_specialist_jcr_index	Journal Metrics (LabCat AI), 2026 release	https://www.journalmetrics.org/journal/nature-structural-and-molecular-biology	2026-08-03	N/A
nature-structural-molecular-biology	NATURE PORTFOLIO	1545-9993	1545-9985	10.1	BIOPHYSICS	SCIE	Q1	secondary_specialist_jcr_index	Journal Metrics (LabCat AI), 2026 release	https://www.journalmetrics.org/journal/nature-structural-and-molecular-biology	2026-08-03	N/A
nature-structural-molecular-biology	NATURE PORTFOLIO	1545-9993	1545-9985	10.1	CELL BIOLOGY	SCIE	Q1	secondary_specialist_jcr_index	Journal Metrics (LabCat AI), 2026 release	https://www.journalmetrics.org/journal/nature-structural-and-molecular-biology	2026-08-03	N/A
scientific-data	NATURE PORTFOLIO		2052-4463	7.2	MULTIDISCIPLINARY SCIENCES	SCIE	Q1	secondary_specialist_jcr_index	Journal Metrics (LabCat AI), 2026 release	https://www.journalmetrics.org/journal/scientific-data	2026-08-03	N/A
science	AMER ASSOC ADVANCEMENT SCIENCE	0036-8075	1095-9203	47.3	MULTIDISCIPLINARY SCIENCES	SCIE	Q1	secondary_institutional_jcr_repost	忻州师范学院科研部公开转载：2026年度JCR期刊名单-前600名.xlsx	https://keyan.xztu.edu.cn/info/1024/3283.htm	2026-08-03	70a1e9a33182cd524eb50c28be7862e11ad28b76a5aefa64d05cd4769eef2d81
science-translational-medicine	AMER ASSOC ADVANCEMENT SCIENCE	1946-6234	1946-6242	15.6	CELL BIOLOGY	SCIE	Q1	secondary_institutional_jcr_repost	忻州师范学院科研部公开转载：2026年度JCR期刊名单-前600名.xlsx	https://keyan.xztu.edu.cn/info/1024/3283.htm	2026-08-03	70a1e9a33182cd524eb50c28be7862e11ad28b76a5aefa64d05cd4769eef2d81
science-translational-medicine	AMER ASSOC ADVANCEMENT SCIENCE	1946-6234	1946-6242	15.6	MEDICINE, RESEARCH & EXPERIMENTAL	SCIE	Q1	secondary_institutional_jcr_repost	忻州师范学院科研部公开转载：2026年度JCR期刊名单-前600名.xlsx	https://keyan.xztu.edu.cn/info/1024/3283.htm	2026-08-03	70a1e9a33182cd524eb50c28be7862e11ad28b76a5aefa64d05cd4769eef2d81
science-immunology	AMER ASSOC ADVANCEMENT SCIENCE	2470-9468	2470-9468	16.4	IMMUNOLOGY	SCIE	Q1	secondary_institutional_jcr_repost	忻州师范学院科研部公开转载：2026年度JCR期刊名单-前600名.xlsx	https://keyan.xztu.edu.cn/info/1024/3283.htm	2026-08-03	70a1e9a33182cd524eb50c28be7862e11ad28b76a5aefa64d05cd4769eef2d81
science-signaling	AMER ASSOC ADVANCEMENT SCIENCE	1945-0877	1937-9145	7.0	BIOCHEMISTRY & MOLECULAR BIOLOGY	SCIE	Q1	secondary_specialist_jcr_index	Journal Metrics (LabCat AI), 2026 release	https://www.journalmetrics.org/journal/science-signaling	2026-08-03	N/A
science-signaling	AMER ASSOC ADVANCEMENT SCIENCE	1945-0877	1937-9145	7.0	CELL BIOLOGY	SCIE	Q1	secondary_specialist_jcr_index	Journal Metrics (LabCat AI), 2026 release	https://www.journalmetrics.org/journal/science-signaling	2026-08-03	N/A
science-advances	AMER ASSOC ADVANCEMENT SCIENCE	N/A	2375-2548	13.9	MULTIDISCIPLINARY SCIENCES	SCIE	Q1	secondary_institutional_jcr_repost	忻州师范学院科研部公开转载：2026年度JCR期刊名单-前600名.xlsx	https://keyan.xztu.edu.cn/info/1024/3283.htm	2026-08-03	70a1e9a33182cd524eb50c28be7862e11ad28b76a5aefa64d05cd4769eef2d81
cell	CELL PRESS	0092-8674	1097-4172	45.1	BIOCHEMISTRY & MOLECULAR BIOLOGY	SCIE	Q1	secondary_institutional_jcr_repost	忻州师范学院科研部公开转载：2026年度JCR期刊名单-前600名.xlsx	https://keyan.xztu.edu.cn/info/1024/3283.htm	2026-08-03	70a1e9a33182cd524eb50c28be7862e11ad28b76a5aefa64d05cd4769eef2d81
cell	CELL PRESS	0092-8674	1097-4172	45.1	CELL BIOLOGY	SCIE	Q1	secondary_institutional_jcr_repost	忻州师范学院科研部公开转载：2026年度JCR期刊名单-前600名.xlsx	https://keyan.xztu.edu.cn/info/1024/3283.htm	2026-08-03	70a1e9a33182cd524eb50c28be7862e11ad28b76a5aefa64d05cd4769eef2d81
cell-stem-cell	CELL PRESS	1934-5909	1875-9777	23.3	CELL & TISSUE ENGINEERING	SCIE	Q1	secondary_institutional_jcr_repost	忻州师范学院科研部公开转载：2026年度JCR期刊名单-前600名.xlsx	https://keyan.xztu.edu.cn/info/1024/3283.htm	2026-08-03	70a1e9a33182cd524eb50c28be7862e11ad28b76a5aefa64d05cd4769eef2d81
cell-stem-cell	CELL PRESS	1934-5909	1875-9777	23.3	CELL BIOLOGY	SCIE	Q1	secondary_institutional_jcr_repost	忻州师范学院科研部公开转载：2026年度JCR期刊名单-前600名.xlsx	https://keyan.xztu.edu.cn/info/1024/3283.htm	2026-08-03	70a1e9a33182cd524eb50c28be7862e11ad28b76a5aefa64d05cd4769eef2d81
cancer-cell	CELL PRESS	1535-6108	1878-3686	56.1	CELL BIOLOGY	SCIE	Q1	secondary_institutional_jcr_repost	忻州师范学院科研部公开转载：2026年度JCR期刊名单-前600名.xlsx	https://keyan.xztu.edu.cn/info/1024/3283.htm	2026-08-03	70a1e9a33182cd524eb50c28be7862e11ad28b76a5aefa64d05cd4769eef2d81
cancer-cell	CELL PRESS	1535-6108	1878-3686	56.1	ONCOLOGY	SCIE	Q1	secondary_institutional_jcr_repost	忻州师范学院科研部公开转载：2026年度JCR期刊名单-前600名.xlsx	https://keyan.xztu.edu.cn/info/1024/3283.htm	2026-08-03	70a1e9a33182cd524eb50c28be7862e11ad28b76a5aefa64d05cd4769eef2d81
immunity	CELL PRESS	1074-7613	1097-4180	30.6	IMMUNOLOGY	SCIE	Q1	secondary_institutional_jcr_repost	忻州师范学院科研部公开转载：2026年度JCR期刊名单-前600名.xlsx	https://keyan.xztu.edu.cn/info/1024/3283.htm	2026-08-03	70a1e9a33182cd524eb50c28be7862e11ad28b76a5aefa64d05cd4769eef2d81
neuron	CELL PRESS	0896-6273	1097-4199	16.9	NEUROSCIENCES	SCIE	Q1	secondary_institutional_jcr_repost	忻州师范学院科研部公开转载：2026年度JCR期刊名单-前600名.xlsx	https://keyan.xztu.edu.cn/info/1024/3283.htm	2026-08-03	70a1e9a33182cd524eb50c28be7862e11ad28b76a5aefa64d05cd4769eef2d81
molecular-cell	CELL PRESS	1097-2765	1097-4164	16.0	BIOCHEMISTRY & MOLECULAR BIOLOGY	SCIE	Q1	secondary_institutional_jcr_repost	忻州师范学院科研部公开转载：2026年度JCR期刊名单-前600名.xlsx	https://keyan.xztu.edu.cn/info/1024/3283.htm	2026-08-03	70a1e9a33182cd524eb50c28be7862e11ad28b76a5aefa64d05cd4769eef2d81
molecular-cell	CELL PRESS	1097-2765	1097-4164	16.0	CELL BIOLOGY	SCIE	Q1	secondary_institutional_jcr_repost	忻州师范学院科研部公开转载：2026年度JCR期刊名单-前600名.xlsx	https://keyan.xztu.edu.cn/info/1024/3283.htm	2026-08-03	70a1e9a33182cd524eb50c28be7862e11ad28b76a5aefa64d05cd4769eef2d81
cell-metabolism	CELL PRESS	1550-4131	1932-7420	37.0	CELL BIOLOGY	SCIE	Q1	secondary_institutional_jcr_repost	忻州师范学院科研部公开转载：2026年度JCR期刊名单-前600名.xlsx	https://keyan.xztu.edu.cn/info/1024/3283.htm	2026-08-03	70a1e9a33182cd524eb50c28be7862e11ad28b76a5aefa64d05cd4769eef2d81
cell-metabolism	CELL PRESS	1550-4131	1932-7420	37.0	ENDOCRINOLOGY & METABOLISM	SCIE	Q1	secondary_institutional_jcr_repost	忻州师范学院科研部公开转载：2026年度JCR期刊名单-前600名.xlsx	https://keyan.xztu.edu.cn/info/1024/3283.htm	2026-08-03	70a1e9a33182cd524eb50c28be7862e11ad28b76a5aefa64d05cd4769eef2d81
cell-host-microbe	CELL PRESS	1931-3128	1934-6069	23.2	MICROBIOLOGY	SCIE	Q1	secondary_institutional_jcr_repost	忻州师范学院科研部公开转载：2026年度JCR期刊名单-前600名.xlsx	https://keyan.xztu.edu.cn/info/1024/3283.htm	2026-08-03	70a1e9a33182cd524eb50c28be7862e11ad28b76a5aefa64d05cd4769eef2d81
cell-host-microbe	CELL PRESS	1931-3128	1934-6069	23.2	PARASITOLOGY	SCIE	Q1	secondary_institutional_jcr_repost	忻州师范学院科研部公开转载：2026年度JCR期刊名单-前600名.xlsx	https://keyan.xztu.edu.cn/info/1024/3283.htm	2026-08-03	70a1e9a33182cd524eb50c28be7862e11ad28b76a5aefa64d05cd4769eef2d81
cell-host-microbe	CELL PRESS	1931-3128	1934-6069	23.2	VIROLOGY	SCIE	Q1	secondary_institutional_jcr_repost	忻州师范学院科研部公开转载：2026年度JCR期刊名单-前600名.xlsx	https://keyan.xztu.edu.cn/info/1024/3283.htm	2026-08-03	70a1e9a33182cd524eb50c28be7862e11ad28b76a5aefa64d05cd4769eef2d81
developmental-cell	CELL PRESS	1534-5807	1878-1551	9.2	CELL BIOLOGY	SCIE	Q1	secondary_specialist_jcr_index	Journal Metrics (LabCat AI), 2026 release	https://www.journalmetrics.org/journal/developmental-cell	2026-08-03	N/A
developmental-cell	CELL PRESS	1534-5807	1878-1551	9.2	DEVELOPMENTAL BIOLOGY	SCIE	Q1	secondary_specialist_jcr_index	Journal Metrics (LabCat AI), 2026 release	https://www.journalmetrics.org/journal/developmental-cell	2026-08-03	N/A
cell-reports-medicine	CELL PRESS	2666-3791	2666-3791	14.0	CELL BIOLOGY	SCIE	Q1	secondary_institutional_jcr_repost	忻州师范学院科研部公开转载：2026年度JCR期刊名单-前600名.xlsx	https://keyan.xztu.edu.cn/info/1024/3283.htm	2026-08-03	70a1e9a33182cd524eb50c28be7862e11ad28b76a5aefa64d05cd4769eef2d81
cell-reports-medicine	CELL PRESS	2666-3791	2666-3791	14.0	MEDICINE, RESEARCH & EXPERIMENTAL	SCIE	Q1	secondary_institutional_jcr_repost	忻州师范学院科研部公开转载：2026年度JCR期刊名单-前600名.xlsx	https://keyan.xztu.edu.cn/info/1024/3283.htm	2026-08-03	70a1e9a33182cd524eb50c28be7862e11ad28b76a5aefa64d05cd4769eef2d81
current-biology	CELL PRESS	0960-9822	1879-0445	7.7	BIOCHEMISTRY & MOLECULAR BIOLOGY	SCIE	Q1	secondary_specialist_jcr_index	Journal Metrics (LabCat AI), 2026 release	https://www.journalmetrics.org/journal/current-biology	2026-08-03	N/A
current-biology	CELL PRESS	0960-9822	1879-0445	7.7	BIOLOGY	SCIE	Q1	secondary_specialist_jcr_index	Journal Metrics (LabCat AI), 2026 release	https://www.journalmetrics.org/journal/current-biology	2026-08-03	N/A
current-biology	CELL PRESS	0960-9822	1879-0445	7.7	CELL BIOLOGY	SCIE	Q1	secondary_specialist_jcr_index	Journal Metrics (LabCat AI), 2026 release	https://www.journalmetrics.org/journal/current-biology	2026-08-03	N/A
the-lancet	ELSEVIER SCIENCE INC	0140-6736	1474-547X	109.0	MEDICINE, GENERAL & INTERNAL	SCIE	Q1	secondary_institutional_jcr_repost	忻州师范学院科研部公开转载：2026年度JCR期刊名单-前600名.xlsx	https://keyan.xztu.edu.cn/info/1024/3283.htm	2026-08-03	70a1e9a33182cd524eb50c28be7862e11ad28b76a5aefa64d05cd4769eef2d81
lancet-oncology	ELSEVIER SCIENCE INC	1470-2045	1474-5488	33.7	ONCOLOGY	SCIE	Q1	secondary_institutional_jcr_repost	忻州师范学院科研部公开转载：2026年度JCR期刊名单-前600名.xlsx	https://keyan.xztu.edu.cn/info/1024/3283.htm	2026-08-03	70a1e9a33182cd524eb50c28be7862e11ad28b76a5aefa64d05cd4769eef2d81
lancet-neurology	ELSEVIER SCIENCE INC	1474-4422	1474-4465	54.6	CLINICAL NEUROLOGY	SCIE	Q1	secondary_institutional_jcr_repost	忻州师范学院科研部公开转载：2026年度JCR期刊名单-前600名.xlsx	https://keyan.xztu.edu.cn/info/1024/3283.htm	2026-08-03	70a1e9a33182cd524eb50c28be7862e11ad28b76a5aefa64d05cd4769eef2d81
lancet-infectious-diseases	ELSEVIER SCI LTD	1473-3099	1474-4457	29.4	INFECTIOUS DISEASES	SCIE	Q1	secondary_institutional_jcr_repost	忻州师范学院科研部公开转载：2026年度JCR期刊名单-前600名.xlsx	https://keyan.xztu.edu.cn/info/1024/3283.htm	2026-08-03	70a1e9a33182cd524eb50c28be7862e11ad28b76a5aefa64d05cd4769eef2d81
lancet-digital-health	ELSEVIER	N/A	2589-7500	25.5	MEDICAL INFORMATICS	SCIE	Q1	secondary_institutional_jcr_repost	忻州师范学院科研部公开转载：2026年度JCR期刊名单-前600名.xlsx	https://keyan.xztu.edu.cn/info/1024/3283.htm	2026-08-03	70a1e9a33182cd524eb50c28be7862e11ad28b76a5aefa64d05cd4769eef2d81
lancet-digital-health	ELSEVIER	N/A	2589-7500	25.5	MEDICINE, GENERAL & INTERNAL	SCIE	Q1	secondary_institutional_jcr_repost	忻州师范学院科研部公开转载：2026年度JCR期刊名单-前600名.xlsx	https://keyan.xztu.edu.cn/info/1024/3283.htm	2026-08-03	70a1e9a33182cd524eb50c28be7862e11ad28b76a5aefa64d05cd4769eef2d81
lancet-haematology	ELSEVIER SCI LTD	2352-3026	N/A	20.4	HEMATOLOGY	SCIE	Q1	secondary_institutional_jcr_repost	忻州师范学院科研部公开转载：2026年度JCR期刊名单-前600名.xlsx	https://keyan.xztu.edu.cn/info/1024/3283.htm	2026-08-03	70a1e9a33182cd524eb50c28be7862e11ad28b76a5aefa64d05cd4769eef2d81
lancet-respiratory-medicine	ELSEVIER SCI LTD	2213-2600	N/A	34.7	CRITICAL CARE MEDICINE	SCIE	Q1	secondary_institutional_jcr_repost	忻州师范学院科研部公开转载：2026年度JCR期刊名单-前600名.xlsx	https://keyan.xztu.edu.cn/info/1024/3283.htm	2026-08-03	70a1e9a33182cd524eb50c28be7862e11ad28b76a5aefa64d05cd4769eef2d81
lancet-respiratory-medicine	ELSEVIER SCI LTD	2213-2600	N/A	34.7	RESPIRATORY SYSTEM	SCIE	Q1	secondary_institutional_jcr_repost	忻州师范学院科研部公开转载：2026年度JCR期刊名单-前600名.xlsx	https://keyan.xztu.edu.cn/info/1024/3283.htm	2026-08-03	70a1e9a33182cd524eb50c28be7862e11ad28b76a5aefa64d05cd4769eef2d81
lancet-gastroenterology-hepatology	ELSEVIER INC	N/A	2468-1253	39.1	GASTROENTEROLOGY & HEPATOLOGY	SCIE	Q1	secondary_institutional_jcr_repost	忻州师范学院科研部公开转载：2026年度JCR期刊名单-前600名.xlsx	https://keyan.xztu.edu.cn/info/1024/3283.htm	2026-08-03	70a1e9a33182cd524eb50c28be7862e11ad28b76a5aefa64d05cd4769eef2d81
nejm	MASSACHUSETTS MEDICAL SOC	0028-4793	1533-4406	84.5	MEDICINE, GENERAL & INTERNAL	SCIE	Q1	secondary_institutional_jcr_repost	忻州师范学院科研部公开转载：2026年度JCR期刊名单-前600名.xlsx	https://keyan.xztu.edu.cn/info/1024/3283.htm	2026-08-03	70a1e9a33182cd524eb50c28be7862e11ad28b76a5aefa64d05cd4769eef2d81
jama	AMER MEDICAL ASSOC	0098-7484	1538-3598	65.4	MEDICINE, GENERAL & INTERNAL	SCIE	Q1	secondary_institutional_jcr_repost	忻州师范学院科研部公开转载：2026年度JCR期刊名单-前600名.xlsx	https://keyan.xztu.edu.cn/info/1024/3283.htm	2026-08-03	70a1e9a33182cd524eb50c28be7862e11ad28b76a5aefa64d05cd4769eef2d81
bmj	BMJ PUBLISHING GROUP	0959-535X	1756-1833	55.1	MEDICINE, GENERAL & INTERNAL	SCIE	Q1	secondary_institutional_jcr_repost	忻州师范学院科研部公开转载：2026年度JCR期刊名单-前600名.xlsx	https://keyan.xztu.edu.cn/info/1024/3283.htm	2026-08-03	70a1e9a33182cd524eb50c28be7862e11ad28b76a5aefa64d05cd4769eef2d81
pnas	NATL ACAD SCIENCES	0027-8424	1091-6490	9.5	MULTIDISCIPLINARY SCIENCES	SCIE	Q1	secondary_specialist_jcr_index	Journal Metrics (LabCat AI), 2026 release	https://www.journalmetrics.org/journal/proceedings-of-the-national-academy-of-sciences-of-the-united-states-of-america	2026-08-03	N/A
elife	ELIFE SCIENCES PUBL LTD		2050-084X	N/A	BIOLOGY	ESCI	Not ranked	secondary_specialist_jcr_index	Journal Metrics (LabCat AI), 2026 release	https://www.journalmetrics.org/journal/elife	2026-08-03	N/A
embo-journal	SPRINGER NATURE	0261-4189	1460-2075	8.4	BIOCHEMISTRY & MOLECULAR BIOLOGY	SCIE	Q1	secondary_specialist_jcr_index	Journal Metrics (LabCat AI), 2026 release	https://www.journalmetrics.org/journal/embo-journal	2026-08-03	N/A
embo-journal	SPRINGER NATURE	0261-4189	1460-2075	8.4	CELL BIOLOGY	SCIE	Q1	secondary_specialist_jcr_index	Journal Metrics (LabCat AI), 2026 release	https://www.journalmetrics.org/journal/embo-journal	2026-08-03	N/A
molecular-systems-biology	SPRINGER NATURE	1744-4292	1744-4292	6.7	BIOCHEMISTRY & MOLECULAR BIOLOGY	SCIE	Q1	secondary_specialist_jcr_index	Journal Metrics (LabCat AI), 2026 release	https://www.journalmetrics.org/journal/molecular-systems-biology	2026-08-03	N/A
genome-biology	BMC		1474-760X	9.2	BIOTECHNOLOGY & APPLIED MICROBIOLOGY	SCIE	Q1	secondary_specialist_jcr_index	Journal Metrics (LabCat AI), 2026 release	https://www.journalmetrics.org/journal/genome-biology	2026-08-03	N/A
genome-biology	BMC		1474-760X	9.2	GENETICS & HEREDITY	SCIE	Q1	secondary_specialist_jcr_index	Journal Metrics (LabCat AI), 2026 release	https://www.journalmetrics.org/journal/genome-biology	2026-08-03	N/A
genome-research	COLD SPRING HARBOR LAB PRESS	1088-9051	1549-5469	6.3	BIOCHEMISTRY & MOLECULAR BIOLOGY	SCIE	Q1	secondary_specialist_jcr_index	Journal Metrics (LabCat AI), 2026 release	https://www.journalmetrics.org/journal/genome-research	2026-08-03	N/A
genome-research	COLD SPRING HARBOR LAB PRESS	1088-9051	1549-5469	6.3	BIOTECHNOLOGY & APPLIED MICROBIOLOGY	SCIE	Q1	secondary_specialist_jcr_index	Journal Metrics (LabCat AI), 2026 release	https://www.journalmetrics.org/journal/genome-research	2026-08-03	N/A
genome-research	COLD SPRING HARBOR LAB PRESS	1088-9051	1549-5469	6.3	GENETICS & HEREDITY	SCIE	Q1	secondary_specialist_jcr_index	Journal Metrics (LabCat AI), 2026 release	https://www.journalmetrics.org/journal/genome-research	2026-08-03	N/A
nucleic-acids-research	OXFORD UNIV PRESS	0305-1048	1362-4962	15.0	BIOCHEMISTRY & MOLECULAR BIOLOGY	SCIE	Q1	secondary_institutional_jcr_repost	忻州师范学院科研部公开转载：2026年度JCR期刊名单-前600名.xlsx	https://keyan.xztu.edu.cn/info/1024/3283.htm	2026-08-03	70a1e9a33182cd524eb50c28be7862e11ad28b76a5aefa64d05cd4769eef2d81
bioinformatics	OXFORD UNIV PRESS	1367-4803	1367-4811	5.5	BIOCHEMICAL RESEARCH METHODS	SCIE	Q1	secondary_specialist_jcr_index	Journal Metrics (LabCat AI), 2026 release	https://www.journalmetrics.org/journal/bioinformatics	2026-08-03	N/A
bioinformatics	OXFORD UNIV PRESS	1367-4803	1367-4811	5.5	BIOTECHNOLOGY & APPLIED MICROBIOLOGY	SCIE	Q1	secondary_specialist_jcr_index	Journal Metrics (LabCat AI), 2026 release	https://www.journalmetrics.org/journal/bioinformatics	2026-08-03	N/A
bioinformatics	OXFORD UNIV PRESS	1367-4803	1367-4811	5.5	MATHEMATICAL & COMPUTATIONAL BIOLOGY	SCIE	Q1	secondary_specialist_jcr_index	Journal Metrics (LabCat AI), 2026 release	https://www.journalmetrics.org/journal/bioinformatics	2026-08-03	N/A
plos-biology	PUBLIC LIBRARY SCIENCE	1544-9173	1545-7885	6.9	BIOCHEMISTRY & MOLECULAR BIOLOGY	SCIE	Q1	secondary_specialist_jcr_index	Journal Metrics (LabCat AI), 2026 release	https://www.journalmetrics.org/journal/plos-biology	2026-08-03	N/A
plos-biology	PUBLIC LIBRARY SCIENCE	1544-9173	1545-7885	6.9	BIOLOGY	SCIE	Q1	secondary_specialist_jcr_index	Journal Metrics (LabCat AI), 2026 release	https://www.journalmetrics.org/journal/plos-biology	2026-08-03	N/A
blood	ELSEVIER	0006-4971	1528-0020	23.9	HEMATOLOGY	SCIE	Q1	secondary_institutional_jcr_repost	忻州师范学院科研部公开转载：2026年度JCR期刊名单-前600名.xlsx	https://keyan.xztu.edu.cn/info/1024/3283.htm	2026-08-03	70a1e9a33182cd524eb50c28be7862e11ad28b76a5aefa64d05cd4769eef2d81
circulation	LIPPINCOTT WILLIAMS & WILKINS	0009-7322	1524-4539	41.3	CARDIAC & CARDIOVASCULAR SYSTEMS	SCIE	Q1	secondary_institutional_jcr_repost	忻州师范学院科研部公开转载：2026年度JCR期刊名单-前600名.xlsx	https://keyan.xztu.edu.cn/info/1024/3283.htm	2026-08-03	70a1e9a33182cd524eb50c28be7862e11ad28b76a5aefa64d05cd4769eef2d81
circulation	LIPPINCOTT WILLIAMS & WILKINS	0009-7322	1524-4539	41.3	PERIPHERAL VASCULAR DISEASE	SCIE	Q1	secondary_institutional_jcr_repost	忻州师范学院科研部公开转载：2026年度JCR期刊名单-前600名.xlsx	https://keyan.xztu.edu.cn/info/1024/3283.htm	2026-08-03	70a1e9a33182cd524eb50c28be7862e11ad28b76a5aefa64d05cd4769eef2d81
ca-cancer-j-clin	WILEY	0007-9235	1542-4863	685.2	ONCOLOGY	SCIE	Q1	secondary_institutional_jcr_repost	忻州师范学院科研部公开转载：2026年度JCR期刊名单-前600名.xlsx	https://keyan.xztu.edu.cn/info/1024/3283.htm	2026-08-03	70a1e9a33182cd524eb50c28be7862e11ad28b76a5aefa64d05cd4769eef2d81
nature-reviews-molecular-cell-biology	NATURE PORTFOLIO	1471-0072	1471-0080	118.0	CELL BIOLOGY	SCIE	Q1	secondary_institutional_jcr_repost	忻州师范学院科研部公开转载：2026年度JCR期刊名单-前600名.xlsx	https://keyan.xztu.edu.cn/info/1024/3283.htm	2026-08-03	70a1e9a33182cd524eb50c28be7862e11ad28b76a5aefa64d05cd4769eef2d81
nature-reviews-microbiology	NATURE PORTFOLIO	1740-1526	1740-1534	104.6	MICROBIOLOGY	SCIE	Q1	secondary_institutional_jcr_repost	忻州师范学院科研部公开转载：2026年度JCR期刊名单-前600名.xlsx	https://keyan.xztu.edu.cn/info/1024/3283.htm	2026-08-03	70a1e9a33182cd524eb50c28be7862e11ad28b76a5aefa64d05cd4769eef2d81
nature-reviews-clinical-oncology	NATURE PORTFOLIO	1759-4774	1759-4782	94.6	ONCOLOGY	SCIE	Q1	secondary_institutional_jcr_repost	忻州师范学院科研部公开转载：2026年度JCR期刊名单-前600名.xlsx	https://keyan.xztu.edu.cn/info/1024/3283.htm	2026-08-03	70a1e9a33182cd524eb50c28be7862e11ad28b76a5aefa64d05cd4769eef2d81
nature-reviews-drug-discovery	NATURE PORTFOLIO	1474-1776	1474-1784	91.2	BIOTECHNOLOGY & APPLIED MICROBIOLOGY	SCIE	Q1	secondary_institutional_jcr_repost	忻州师范学院科研部公开转载：2026年度JCR期刊名单-前600名.xlsx	https://keyan.xztu.edu.cn/info/1024/3283.htm	2026-08-03	70a1e9a33182cd524eb50c28be7862e11ad28b76a5aefa64d05cd4769eef2d81
nature-reviews-drug-discovery	NATURE PORTFOLIO	1474-1776	1474-1784	91.2	PHARMACOLOGY & PHARMACY	SCIE	Q1	secondary_institutional_jcr_repost	忻州师范学院科研部公开转载：2026年度JCR期刊名单-前600名.xlsx	https://keyan.xztu.edu.cn/info/1024/3283.htm	2026-08-03	70a1e9a33182cd524eb50c28be7862e11ad28b76a5aefa64d05cd4769eef2d81
signal-transduction-targeted-therapy	SPRINGERNATURE	2095-9907	2059-3635	81.2	BIOCHEMISTRY & MOLECULAR BIOLOGY	SCIE	Q1	secondary_institutional_jcr_repost	忻州师范学院科研部公开转载：2026年度JCR期刊名单-前600名.xlsx	https://keyan.xztu.edu.cn/info/1024/3283.htm	2026-08-03	70a1e9a33182cd524eb50c28be7862e11ad28b76a5aefa64d05cd4769eef2d81
signal-transduction-targeted-therapy	SPRINGERNATURE	2095-9907	2059-3635	81.2	CELL BIOLOGY	SCIE	Q1	secondary_institutional_jcr_repost	忻州师范学院科研部公开转载：2026年度JCR期刊名单-前600名.xlsx	https://keyan.xztu.edu.cn/info/1024/3283.htm	2026-08-03	70a1e9a33182cd524eb50c28be7862e11ad28b76a5aefa64d05cd4769eef2d81
annals-of-oncology	ELSEVIER	0923-7534	1569-8041	80.4	ONCOLOGY	SCIE	Q1	secondary_institutional_jcr_repost	忻州师范学院科研部公开转载：2026年度JCR期刊名单-前600名.xlsx	https://keyan.xztu.edu.cn/info/1024/3283.htm	2026-08-03	70a1e9a33182cd524eb50c28be7862e11ad28b76a5aefa64d05cd4769eef2d81
nature-reviews-disease-primers	NATURE PORTFOLIO	2056-676X	2056-676X	79.8	MEDICINE, GENERAL & INTERNAL	SCIE	Q1	secondary_institutional_jcr_repost	忻州师范学院科研部公开转载：2026年度JCR期刊名单-前600名.xlsx	https://keyan.xztu.edu.cn/info/1024/3283.htm	2026-08-03	70a1e9a33182cd524eb50c28be7862e11ad28b76a5aefa64d05cd4769eef2d81
world-psychiatry	WILEY	1723-8617	2051-5545	79.5	PSYCHIATRY	SCIE, SSCI	Q1	secondary_institutional_jcr_repost	忻州师范学院科研部公开转载：2026年度JCR期刊名单-前600名.xlsx	https://keyan.xztu.edu.cn/info/1024/3283.htm	2026-08-03	70a1e9a33182cd524eb50c28be7862e11ad28b76a5aefa64d05cd4769eef2d81
nature-reviews-cancer	NATURE PORTFOLIO	1474-175X	1474-1768	60.7	ONCOLOGY	SCIE	Q1	secondary_institutional_jcr_repost	忻州师范学院科研部公开转载：2026年度JCR期刊名单-前600名.xlsx	https://keyan.xztu.edu.cn/info/1024/3283.htm	2026-08-03	70a1e9a33182cd524eb50c28be7862e11ad28b76a5aefa64d05cd4769eef2d81
nature-reviews-genetics	NATURE PORTFOLIO	1471-0056	1471-0064	51.4	GENETICS & HEREDITY	SCIE	Q1	secondary_institutional_jcr_repost	忻州师范学院科研部公开转载：2026年度JCR期刊名单-前600名.xlsx	https://keyan.xztu.edu.cn/info/1024/3283.htm	2026-08-03	70a1e9a33182cd524eb50c28be7862e11ad28b76a5aefa64d05cd4769eef2d81
nature-reviews-cardiology	NATURE PORTFOLIO	1759-5002	1759-5010	50.2	CARDIAC & CARDIOVASCULAR SYSTEMS	SCIE	Q1	secondary_institutional_jcr_repost	忻州师范学院科研部公开转载：2026年度JCR期刊名单-前600名.xlsx	https://keyan.xztu.edu.cn/info/1024/3283.htm	2026-08-03	70a1e9a33182cd524eb50c28be7862e11ad28b76a5aefa64d05cd4769eef2d81
nature-reviews-immunology	NATURE PORTFOLIO	1474-1733	1474-1741	47.1	IMMUNOLOGY	SCIE	Q1	secondary_institutional_jcr_repost	忻州师范学院科研部公开转载：2026年度JCR期刊名单-前600名.xlsx	https://keyan.xztu.edu.cn/info/1024/3283.htm	2026-08-03	70a1e9a33182cd524eb50c28be7862e11ad28b76a5aefa64d05cd4769eef2d81
european-heart-journal	OXFORD UNIV PRESS	0195-668X	1522-9645	45.3	CARDIAC & CARDIOVASCULAR SYSTEMS	SCIE	Q1	secondary_institutional_jcr_repost	忻州师范学院科研部公开转载：2026年度JCR期刊名单-前600名.xlsx	https://keyan.xztu.edu.cn/info/1024/3283.htm	2026-08-03	70a1e9a33182cd524eb50c28be7862e11ad28b76a5aefa64d05cd4769eef2d81
journal-of-clinical-oncology	LIPPINCOTT WILLIAMS & WILKINS	0732-183X	1527-7755	44.7	ONCOLOGY	SCIE	Q1	secondary_institutional_jcr_repost	忻州师范学院科研部公开转载：2026年度JCR期刊名单-前600名.xlsx	https://keyan.xztu.edu.cn/info/1024/3283.htm	2026-08-03	70a1e9a33182cd524eb50c28be7862e11ad28b76a5aefa64d05cd4769eef2d81
nature-reviews-bioengineering	SPRINGERNATURE	N/A	2731-6092	42.7	ENGINEERING, BIOMEDICAL	SCIE	Q1	secondary_institutional_jcr_repost	忻州师范学院科研部公开转载：2026年度JCR期刊名单-前600名.xlsx	https://keyan.xztu.edu.cn/info/1024/3283.htm	2026-08-03	70a1e9a33182cd524eb50c28be7862e11ad28b76a5aefa64d05cd4769eef2d81
nature-reviews-bioengineering	SPRINGERNATURE	N/A	2731-6092	42.7	MATERIALS SCIENCE, BIOMATERIALS	SCIE	Q1	secondary_institutional_jcr_repost	忻州师范学院科研部公开转载：2026年度JCR期刊名单-前600名.xlsx	https://keyan.xztu.edu.cn/info/1024/3283.htm	2026-08-03	70a1e9a33182cd524eb50c28be7862e11ad28b76a5aefa64d05cd4769eef2d81
molecular-cancer	BMC	N/A	1476-4598	42.2	BIOCHEMISTRY & MOLECULAR BIOLOGY	SCIE	Q1	secondary_institutional_jcr_repost	忻州师范学院科研部公开转载：2026年度JCR期刊名单-前600名.xlsx	https://keyan.xztu.edu.cn/info/1024/3283.htm	2026-08-03	70a1e9a33182cd524eb50c28be7862e11ad28b76a5aefa64d05cd4769eef2d81
molecular-cancer	BMC	N/A	1476-4598	42.2	ONCOLOGY	SCIE	Q1	secondary_institutional_jcr_repost	忻州师范学院科研部公开转载：2026年度JCR期刊名单-前600名.xlsx	https://keyan.xztu.edu.cn/info/1024/3283.htm	2026-08-03	70a1e9a33182cd524eb50c28be7862e11ad28b76a5aefa64d05cd4769eef2d81
journal-of-hepatology	ELSEVIER	0168-8278	1600-0641	40.1	GASTROENTEROLOGY & HEPATOLOGY	SCIE	Q1	secondary_institutional_jcr_repost	忻州师范学院科研部公开转载：2026年度JCR期刊名单-前600名.xlsx	https://keyan.xztu.edu.cn/info/1024/3283.htm	2026-08-03	70a1e9a33182cd524eb50c28be7862e11ad28b76a5aefa64d05cd4769eef2d81
nature-reviews-endocrinology	NATURE PORTFOLIO	1759-5029	1759-5037	39.1	ENDOCRINOLOGY & METABOLISM	SCIE	Q1	secondary_institutional_jcr_repost	忻州师范学院科研部公开转载：2026年度JCR期刊名单-前600名.xlsx	https://keyan.xztu.edu.cn/info/1024/3283.htm	2026-08-03	70a1e9a33182cd524eb50c28be7862e11ad28b76a5aefa64d05cd4769eef2d81
nature-nanotechnology	NATURE PORTFOLIO	1748-3387	1748-3395	37.5	MATERIALS SCIENCE, MULTIDISCIPLINARY	SCIE	Q1	secondary_institutional_jcr_repost	忻州师范学院科研部公开转载：2026年度JCR期刊名单-前600名.xlsx	https://keyan.xztu.edu.cn/info/1024/3283.htm	2026-08-03	70a1e9a33182cd524eb50c28be7862e11ad28b76a5aefa64d05cd4769eef2d81
nature-nanotechnology	NATURE PORTFOLIO	1748-3387	1748-3395	37.5	NANOSCIENCE & NANOTECHNOLOGY	SCIE	Q1	secondary_institutional_jcr_repost	忻州师范学院科研部公开转载：2026年度JCR期刊名单-前600名.xlsx	https://keyan.xztu.edu.cn/info/1024/3283.htm	2026-08-03	70a1e9a33182cd524eb50c28be7862e11ad28b76a5aefa64d05cd4769eef2d81
lancet-diabetes-endocrinology	ELSEVIER SCIENCE INC	2213-8587	2213-8595	36.3	ENDOCRINOLOGY & METABOLISM	SCIE	Q1	secondary_institutional_jcr_repost	忻州师范学院科研部公开转载：2026年度JCR期刊名单-前600名.xlsx	https://keyan.xztu.edu.cn/info/1024/3283.htm	2026-08-03	70a1e9a33182cd524eb50c28be7862e11ad28b76a5aefa64d05cd4769eef2d81
physiological-reviews	AMER PHYSIOLOGICAL SOC	0031-9333	1522-1210	35.7	PHYSIOLOGY	SCIE	Q1	secondary_institutional_jcr_repost	忻州师范学院科研部公开转载：2026年度JCR期刊名单-前600名.xlsx	https://keyan.xztu.edu.cn/info/1024/3283.htm	2026-08-03	70a1e9a33182cd524eb50c28be7862e11ad28b76a5aefa64d05cd4769eef2d81
nature-reviews-rheumatology	NATURE PORTFOLIO	1759-4790	1759-4804	33.7	RHEUMATOLOGY	SCIE	Q1	secondary_institutional_jcr_repost	忻州师范学院科研部公开转载：2026年度JCR期刊名单-前600名.xlsx	https://keyan.xztu.edu.cn/info/1024/3283.htm	2026-08-03	70a1e9a33182cd524eb50c28be7862e11ad28b76a5aefa64d05cd4769eef2d81
molecular-plant	CELL PRESS	1674-2052	1752-9867	32.7	BIOCHEMISTRY & MOLECULAR BIOLOGY	SCIE	Q1	secondary_institutional_jcr_repost	忻州师范学院科研部公开转载：2026年度JCR期刊名单-前600名.xlsx	https://keyan.xztu.edu.cn/info/1024/3283.htm	2026-08-03	70a1e9a33182cd524eb50c28be7862e11ad28b76a5aefa64d05cd4769eef2d81
molecular-plant	CELL PRESS	1674-2052	1752-9867	32.7	PLANT SCIENCES	SCIE	Q1	secondary_institutional_jcr_repost	忻州师范学院科研部公开转载：2026年度JCR期刊名单-前600名.xlsx	https://keyan.xztu.edu.cn/info/1024/3283.htm	2026-08-03	70a1e9a33182cd524eb50c28be7862e11ad28b76a5aefa64d05cd4769eef2d81
nature-reviews-neurology	NATURE PORTFOLIO	1759-4758	1759-4766	31.2	CLINICAL NEUROLOGY	SCIE	Q1	secondary_institutional_jcr_repost	忻州师范学院科研部公开转载：2026年度JCR期刊名单-前600名.xlsx	https://keyan.xztu.edu.cn/info/1024/3283.htm	2026-08-03	70a1e9a33182cd524eb50c28be7862e11ad28b76a5aefa64d05cd4769eef2d81
cell-research	SPRINGERNATURE	1001-0602	1748-7838	31.1	CELL BIOLOGY	SCIE	Q1	secondary_institutional_jcr_repost	忻州师范学院科研部公开转载：2026年度JCR期刊名单-前600名.xlsx	https://keyan.xztu.edu.cn/info/1024/3283.htm	2026-08-03	70a1e9a33182cd524eb50c28be7862e11ad28b76a5aefa64d05cd4769eef2d81
gastroenterology	W B SAUNDERS CO-ELSEVIER INC	0016-5085	1528-0012	29.7	GASTROENTEROLOGY & HEPATOLOGY	SCIE	Q1	secondary_institutional_jcr_repost	忻州师范学院科研部公开转载：2026年度JCR期刊名单-前600名.xlsx	https://keyan.xztu.edu.cn/info/1024/3283.htm	2026-08-03	70a1e9a33182cd524eb50c28be7862e11ad28b76a5aefa64d05cd4769eef2d81
cancer-discovery	AMER ASSOC CANCER RESEARCH	2159-8274	2159-8290	29.5	ONCOLOGY	SCIE	Q1	secondary_institutional_jcr_repost	忻州师范学院科研部公开转载：2026年度JCR期刊名单-前600名.xlsx	https://keyan.xztu.edu.cn/info/1024/3283.htm	2026-08-03	70a1e9a33182cd524eb50c28be7862e11ad28b76a5aefa64d05cd4769eef2d81
european-urology	ELSEVIER	0302-2838	1873-7560	29.1	UROLOGY & NEPHROLOGY	SCIE	Q1	secondary_institutional_jcr_repost	忻州师范学院科研部公开转载：2026年度JCR期刊名单-前600名.xlsx	https://keyan.xztu.edu.cn/info/1024/3283.htm	2026-08-03	70a1e9a33182cd524eb50c28be7862e11ad28b76a5aefa64d05cd4769eef2d81
nature-reviews-neuroscience	NATURE PORTFOLIO	1471-003X	1471-0048	29.0	NEUROSCIENCES	SCIE	Q1	secondary_institutional_jcr_repost	忻州师范学院科研部公开转载：2026年度JCR期刊名单-前600名.xlsx	https://keyan.xztu.edu.cn/info/1024/3283.htm	2026-08-03	70a1e9a33182cd524eb50c28be7862e11ad28b76a5aefa64d05cd4769eef2d81
cancer-communications	AMER ASSOC ADVANCEMENT SCIENCE	N/A	2523-3548	28.4	ONCOLOGY	SCIE	Q1	secondary_institutional_jcr_repost	忻州师范学院科研部公开转载：2026年度JCR期刊名单-前600名.xlsx	https://keyan.xztu.edu.cn/info/1024/3283.htm	2026-08-03	70a1e9a33182cd524eb50c28be7862e11ad28b76a5aefa64d05cd4769eef2d81
lancet-public-health	ELSEVIER SCI LTD	2468-2667	2468-2667	26.5	PUBLIC, ENVIRONMENTAL & OCCUPATIONAL HEALTH	SCIE, SSCI	Q1	secondary_institutional_jcr_repost	忻州师范学院科研部公开转载：2026年度JCR期刊名单-前600名.xlsx	https://keyan.xztu.edu.cn/info/1024/3283.htm	2026-08-03	70a1e9a33182cd524eb50c28be7862e11ad28b76a5aefa64d05cd4769eef2d81
nature-aging	SPRINGERNATURE	N/A	2662-8465	25.0	CELL BIOLOGY	SCIE	Q1	secondary_institutional_jcr_repost	忻州师范学院科研部公开转载：2026年度JCR期刊名单-前600名.xlsx	https://keyan.xztu.edu.cn/info/1024/3283.htm	2026-08-03	70a1e9a33182cd524eb50c28be7862e11ad28b76a5aefa64d05cd4769eef2d81
nature-aging	SPRINGERNATURE	N/A	2662-8465	25.0	GERIATRICS & GERONTOLOGY	SCIE	Q1	secondary_institutional_jcr_repost	忻州师范学院科研部公开转载：2026年度JCR期刊名单-前600名.xlsx	https://keyan.xztu.edu.cn/info/1024/3283.htm	2026-08-03	70a1e9a33182cd524eb50c28be7862e11ad28b76a5aefa64d05cd4769eef2d81
nature-aging	SPRINGERNATURE	N/A	2662-8465	25.0	NEUROSCIENCES	SCIE	Q1	secondary_institutional_jcr_repost	忻州师范学院科研部公开转载：2026年度JCR期刊名单-前600名.xlsx	https://keyan.xztu.edu.cn/info/1024/3283.htm	2026-08-03	70a1e9a33182cd524eb50c28be7862e11ad28b76a5aefa64d05cd4769eef2d81
jama-internal-medicine	AMER MEDICAL ASSOC	2168-6106	2168-6114	26.3	MEDICINE, GENERAL & INTERNAL	SCIE	Q1	secondary_institutional_jcr_repost	忻州师范学院科研部公开转载：2026年度JCR期刊名单-前600名.xlsx	https://keyan.xztu.edu.cn/info/1024/3283.htm	2026-08-03	70a1e9a33182cd524eb50c28be7862e11ad28b76a5aefa64d05cd4769eef2d81
trends-cell-biology	CELL PRESS	0962-8924	1879-3088	25.3	CELL BIOLOGY	SCIE	Q1	secondary_institutional_jcr_repost	忻州师范学院科研部公开转载：2026年度JCR期刊名单-前600名.xlsx	https://keyan.xztu.edu.cn/info/1024/3283.htm	2026-08-03	70a1e9a33182cd524eb50c28be7862e11ad28b76a5aefa64d05cd4769eef2d81
jama-oncology	AMER MEDICAL ASSOC	2374-2437	2374-2445	23.9	ONCOLOGY	SCIE	Q1	secondary_institutional_jcr_repost	忻州师范学院科研部公开转载：2026年度JCR期刊名单-前600名.xlsx	https://keyan.xztu.edu.cn/info/1024/3283.htm	2026-08-03	70a1e9a33182cd524eb50c28be7862e11ad28b76a5aefa64d05cd4769eef2d81
cellular-molecular-immunology	CHIN SOCIETY IMMUNOLOGY	1672-7681	2042-0226	23.9	IMMUNOLOGY	SCIE	Q1	secondary_institutional_jcr_repost	忻州师范学院科研部公开转载：2026年度JCR期刊名单-前600名.xlsx	https://keyan.xztu.edu.cn/info/1024/3283.htm	2026-08-03	70a1e9a33182cd524eb50c28be7862e11ad28b76a5aefa64d05cd4769eef2d81
jama-neurology	AMER MEDICAL ASSOC	2168-6149	2168-6157	23.6	CLINICAL NEUROLOGY	SCIE	Q1	secondary_institutional_jcr_repost	忻州师范学院科研部公开转载：2026年度JCR期刊名单-前600名.xlsx	https://keyan.xztu.edu.cn/info/1024/3283.htm	2026-08-03	70a1e9a33182cd524eb50c28be7862e11ad28b76a5aefa64d05cd4769eef2d81
cancer-research	AMER ASSOC CANCER RESEARCH	0008-5472	1538-7445	22.6	ONCOLOGY	SCIE	Q1	secondary_institutional_jcr_repost	忻州师范学院科研部公开转载：2026年度JCR期刊名单-前600名.xlsx	https://keyan.xztu.edu.cn/info/1024/3283.htm	2026-08-03	70a1e9a33182cd524eb50c28be7862e11ad28b76a5aefa64d05cd4769eef2d81
lancet-global-health	ELSEVIER SCI LTD	2214-109X	2214-109X	22.5	PUBLIC, ENVIRONMENTAL & OCCUPATIONAL HEALTH	SCIE, SSCI	Q1	secondary_institutional_jcr_repost	忻州师范学院科研部公开转载：2026年度JCR期刊名单-前600名.xlsx	https://keyan.xztu.edu.cn/info/1024/3283.htm	2026-08-03	70a1e9a33182cd524eb50c28be7862e11ad28b76a5aefa64d05cd4769eef2d81
jacc	ELSEVIER SCIENCE INC	0735-1097	1558-3597	22.3	CARDIAC & CARDIOVASCULAR SYSTEMS	SCIE	Q1	secondary_institutional_jcr_repost	忻州师范学院科研部公开转载：2026年度JCR期刊名单-前600名.xlsx	https://keyan.xztu.edu.cn/info/1024/3283.htm	2026-08-03	70a1e9a33182cd524eb50c28be7862e11ad28b76a5aefa64d05cd4769eef2d81
lancet-microbe	ELSEVIER	N/A	2666-5247	21.9	INFECTIOUS DISEASES	SCIE	Q1	secondary_institutional_jcr_repost	忻州师范学院科研部公开转载：2026年度JCR期刊名单-前600名.xlsx	https://keyan.xztu.edu.cn/info/1024/3283.htm	2026-08-03	70a1e9a33182cd524eb50c28be7862e11ad28b76a5aefa64d05cd4769eef2d81
lancet-microbe	ELSEVIER	N/A	2666-5247	21.9	MICROBIOLOGY	SCIE	Q1	secondary_institutional_jcr_repost	忻州师范学院科研部公开转载：2026年度JCR期刊名单-前600名.xlsx	https://keyan.xztu.edu.cn/info/1024/3283.htm	2026-08-03	70a1e9a33182cd524eb50c28be7862e11ad28b76a5aefa64d05cd4769eef2d81
trends-cancer	CELL PRESS	2405-8033	2405-8025	21.6	ONCOLOGY	SCIE	Q1	secondary_institutional_jcr_repost	忻州师范学院科研部公开转载：2026年度JCR期刊名单-前600名.xlsx	https://keyan.xztu.edu.cn/info/1024/3283.htm	2026-08-03	70a1e9a33182cd524eb50c28be7862e11ad28b76a5aefa64d05cd4769eef2d81
lancet-psychiatry	ELSEVIER SCI LTD	2215-0366	2215-0374	21.1	PSYCHIATRY	SCIE, SSCI	Q1	secondary_institutional_jcr_repost	忻州师范学院科研部公开转载：2026年度JCR期刊名单-前600名.xlsx	https://keyan.xztu.edu.cn/info/1024/3283.htm	2026-08-03	70a1e9a33182cd524eb50c28be7862e11ad28b76a5aefa64d05cd4769eef2d81
lancet-planetary-health	ELSEVIER SCI LTD	N/A	2542-5196	20.5	ENVIRONMENTAL SCIENCES	SCIE	Q1	secondary_institutional_jcr_repost	忻州师范学院科研部公开转载：2026年度JCR期刊名单-前600名.xlsx	https://keyan.xztu.edu.cn/info/1024/3283.htm	2026-08-03	70a1e9a33182cd524eb50c28be7862e11ad28b76a5aefa64d05cd4769eef2d81
lancet-planetary-health	ELSEVIER SCI LTD	N/A	2542-5196	20.5	PUBLIC, ENVIRONMENTAL & OCCUPATIONAL HEALTH	SCIE, SSCI	Q1	secondary_institutional_jcr_repost	忻州师范学院科研部公开转载：2026年度JCR期刊名单-前600名.xlsx	https://keyan.xztu.edu.cn/info/1024/3283.htm	2026-08-03	70a1e9a33182cd524eb50c28be7862e11ad28b76a5aefa64d05cd4769eef2d81
npj-digital-medicine	NATURE PORTFOLIO	2398-6352	2398-6352	18.0	HEALTH CARE SCIENCES & SERVICES	SCIE	Q1	secondary_institutional_jcr_repost	忻州师范学院科研部公开转载：2026年度JCR期刊名单-前600名.xlsx	https://keyan.xztu.edu.cn/info/1024/3283.htm	2026-08-03	70a1e9a33182cd524eb50c28be7862e11ad28b76a5aefa64d05cd4769eef2d81
npj-digital-medicine	NATURE PORTFOLIO	2398-6352	2398-6352	18.0	MEDICAL INFORMATICS	SCIE	Q1	secondary_institutional_jcr_repost	忻州师范学院科研部公开转载：2026年度JCR期刊名单-前600名.xlsx	https://keyan.xztu.edu.cn/info/1024/3283.htm	2026-08-03	70a1e9a33182cd524eb50c28be7862e11ad28b76a5aefa64d05cd4769eef2d81
